{
  "Contact us page" : {
    "transaction" : "Contact us page",
    "sampleCount" : 20,
    "errorCount" : 0,
    "errorPct" : 0.0,
    "meanResTime" : 74.1,
    "medianResTime" : 70.0,
    "minResTime" : 55.0,
    "maxResTime" : 112.0,
    "pct1ResTime" : 104.7,
    "pct2ResTime" : 111.64999999999999,
    "pct3ResTime" : 112.0,
    "throughput" : 0.3002236666316406,
    "receivedKBytesPerSec" : 1.0924007526232042,
    "sentKBytesPerSec" : 0.07241723208790549
  },
  "Total" : {
    "transaction" : "Total",
    "sampleCount" : 89,
    "errorCount" : 0,
    "errorPct" : 0.0,
    "meanResTime" : 230.88764044943815,
    "medianResTime" : 82.0,
    "minResTime" : 55.0,
    "maxResTime" : 1934.0,
    "pct1ResTime" : 605.0,
    "pct2ResTime" : 1023.0,
    "pct3ResTime" : 1934.0,
    "throughput" : 0.8720531462501715,
    "receivedKBytesPerSec" : 2.9846405505937796,
    "sentKBytesPerSec" : 0.23053871634266787
  },
  "Home Page" : {
    "transaction" : "Home Page",
    "sampleCount" : 19,
    "errorCount" : 0,
    "errorPct" : 0.0,
    "meanResTime" : 426.84210526315786,
    "medianResTime" : 241.0,
    "minResTime" : 181.0,
    "maxResTime" : 1770.0,
    "pct1ResTime" : 1354.0,
    "pct2ResTime" : 1770.0,
    "pct3ResTime" : 1770.0,
    "throughput" : 0.2880271655095049,
    "receivedKBytesPerSec" : 1.0464967274808235,
    "sentKBytesPerSec" : 0.06666253732983658
  },
  "About us page" : {
    "transaction" : "About us page",
    "sampleCount" : 20,
    "errorCount" : 0,
    "errorPct" : 0.0,
    "meanResTime" : 80.25,
    "medianResTime" : 70.0,
    "minResTime" : 59.0,
    "maxResTime" : 136.0,
    "pct1ResTime" : 116.10000000000002,
    "pct2ResTime" : 135.04999999999998,
    "pct3ResTime" : 136.0,
    "throughput" : 0.302796324052626,
    "receivedKBytesPerSec" : 1.100992864415376,
    "sentKBytesPerSec" : 0.07244638612587243
  },
  "Login Request" : {
    "transaction" : "Login Request",
    "sampleCount" : 10,
    "errorCount" : 0,
    "errorPct" : 0.0,
    "meanResTime" : 765.2,
    "medianResTime" : 606.5,
    "minResTime" : 536.0,
    "maxResTime" : 1934.0,
    "pct1ResTime" : 1821.3000000000004,
    "pct2ResTime" : 1934.0,
    "pct3ResTime" : 1934.0,
    "throughput" : 1.3774104683195594,
    "receivedKBytesPerSec" : 2.3900223829201104,
    "sentKBytesPerSec" : 0.5232545626721763
  },
  "Striver A2Z page" : {
    "transaction" : "Striver A2Z page",
    "sampleCount" : 20,
    "errorCount" : 0,
    "errorPct" : 0.0,
    "meanResTime" : 85.00000000000001,
    "medianResTime" : 71.5,
    "minResTime" : 55.0,
    "maxResTime" : 328.0,
    "pct1ResTime" : 99.60000000000001,
    "pct2ResTime" : 316.59999999999985,
    "pct3ResTime" : 328.0,
    "throughput" : 0.3033474389892464,
    "receivedKBytesPerSec" : 1.1030856359299874,
    "sentKBytesPerSec" : 0.08679765588266522
  }
}